{
  "name": "angular-resource",
  "version": "1.0.6",
  "main": "./angular-resource.js",
  "dependencies": {
    "angular": "1.0.6"
  },
  "gitHead": "ac0f457bfda419325bd5a585bcb16195696dfe3a",
  "readme": "bower-angular-resource\n======================\n\nangular-resource bower repo",
  "readmeFilename": "README.md",
  "_id": "angular-resource@1.0.6",
  "description": "bower-angular-resource ======================",
  "repository": {
    "type": "git",
    "url": "git://github.com/angular/bower-angular-resource.git"
  }
}